STATCD,STATNAME,SCH1,SCH2,SCH3,SCH4,SCH5,SCH6,SCH7,SCH9,SCHTOT,SCH1GA,SCH2GA,SCH3GA,SCH4GA,SCH5GA,SCH6GA,SCH7GA,SCH9GA,SCHTOTGA,SCHBOY1,SCHBOY2,SCHBOY3,SCHBOY4,SCHBOY5,SCHBOY6,SCHBOY7,SCHBOY9,SCHBOYTOT,SCHGIR1,SCHGIR2,SCHGIR3,SCHGIR4,SCHGIR5,SCHGIR6,SCHGIR7,SCHGIR9,SCHGIRTOT,ENR1,ENR2,ENR3,ENR4,ENR5,ENR6,ENR7,ENR9,ENRTOT,TCH1,TCH2,TCH3,TCH4,TCH5,TCH6,TCH7,TCH9,TCHTOT,SCLS1,SCLS2,SCLS3,SCLS4,SCLS5,SCLS6,SCLS7,SCLSTOT,STCH1,STCH2,STCH3,STCH4,STCH5,STCH6,STCH7,STCHTOT,ROAD1,ROAD2,ROAD3,ROAD4,ROAD5,ROAD6,ROAD7,ROADTOT,SPLAY1,SPLAY2,SPLAY3,SPLAY4,SPLAY5,SPLAY6,SPLAY7,SPLAYTOT,SBNDR1,SBNDR2,SBNDR3,SBNDR4,SBNDR5,SBNDR6,SBNDR7,SBNDRTOT,SGTOIL1,SGTOIL2,SGTOIL3,SGTOIL4,SGTOIL5,SGTOIL6,SGTOIL7,SGTOILTOT,SBTOIL1,SBTOIL2,SBTOIL3,SBTOIL4,SBTOIL5,SBTOIL6,SBTOIL7,SBTOILTOT,SWAT1,SWAT2,SWAT3,SWAT4,SWAT5,SWAT6,SWAT7,SWATTOT,SELE1,SELE2,SELE3,SELE4,SELE5,SELE6,SELE7,SELETOT,SCOMP1,SCOMP2,SCOMP3,SCOMP4,SCOMP5,SCOMP6,SCOMP7,SCOMPTOT,SRAM1,SRAM2,SRAM3,SRAM4,SRAM5,SRAM6,SRAM7,SRAM9,SRAMTOT,SRAMN1,SRAMN2,SRAMN3,SRAMN4,SRAMN5,SRAMN6,SRAMN7,SRAMN9,SRAMNTOT,ESTD1,ESTD2,ESTD3,ESTD4,ESTD5,ESTD6,ESTD7,ESTDTOT,MDM1,MDM2,MDM3,MDM4,MDM5,MDM6,MDM7,MDMTOT,KIT1,KIT2,KIT3,KIT4,KIT5,KIT6,KIT7,KITTOT,KITS1,KITS2,KITS3,KITS4,KITS5,KITS6,KITS7,KITSTOT,ENR501,ENR502,ENR503,ENR504,ENR505,ENR506,ENR507,ENR509,ENR50TOT,SMC1,SMC2,SMC3,SMC4,SMC5,SMC6,SMC7,SMCTOT,CLS1,CLS2,CLS3,CLS4,CLS5,CLS6,CLS7,CLSTOT,TCHF1,TCHF2,TCHF3,TCHF4,TCHF5,TCHF6,TCHF7,TCHF9,TCHFTOT,TCHM1,TCHM2,TCHM3,TCHM4,TCHM5,TCHM6,TCHM7,ENRG1,ENRG2,ENRG3,ENRG4,ENRG5,ENRG6,ENRG7,ENRG9,ENRGTOT,C1_B,C2_B,C3_B,C4_B,C5_B,C6_B,C7_B,C8_B,C9_B,C1_G,C2_G,C3_G,C4_G,C5_G,C6_G,C7_G,C8_G,C9_G,OVERALL_LI
1,JAMMU & KASHMIR,14604,10153,486,133,95,2693,414,0,28578,13166,8026,98,133,92,1401,413,0,23329,14472,10034,477,35,93,2639,378,0,28128,14536,10067,480,127,92,2680,391,0,28373,405631,815729,180423,5451,6475,426827,16240,0,1856776,35378,66915,11006,821,1878,36581,5268,0,157847,1969,113,5,2,6,11,8,2114,1709,35,0,1,0,0,0,1745,10772,8406,469,124,86,2386,391,22634,3195,4518,452,44,75,2080,240,10604,3011,4072,435,61,63,1806,262,9710,13323,9863,479,125,92,2662,390,26934,12721,9624,471,34,91,2574,372,25887,13097,9521,484,126,92,2641,401,26362,2142,2910,472,59,90,2117,288,8078,601,2094,438,15,72,1545,151,4916,1647,2969,120,18,46,925,242,0,5967,1988,2716,102,26,41,846,237,0,5956,10682,2138,63,110,6,211,3,13213,13147,8006,75,104,77,1391,401,23201,7150,6229,65,56,57,1207,310,15074,11917,7743,74,97,76,1377,390,21674,13144,3555,32,111,52,365,301,514,17560,13014,7970,88,133,84,1378,411,23078,41171,62474,7878,564,495,24326,2001,138909,14731,28202,6938,707,600,18085,1590,0,70853,20647,38713,4068,114,1278,18496,3678,201825,395417,78574,4590,2450,195609,7734,0,886199,156602,129759,125487,122532,117644,109777,105242,103534,96707,143926,117978,114864,112619,107642,100578,95389,93203,84336,68.74
2,HIMACHAL PRADESH,11327,798,565,2132,1634,684,884,0,18024,10716,5,24,2131,1623,7,880,0,15386,11314,798,562,2126,1594,684,874,0,17952,11311,798,563,2131,1613,681,884,0,17981,346078,67356,180518,65608,133555,110617,47034,0,950766,27880,6906,10928,7568,27179,8294,6110,0,94865,293,1,2,196,24,1,23,540,1347,1,0,128,0,0,0,1476,8960,773,562,1715,1490,669,760,14929,9449,768,550,1661,1558,667,803,15456,7283,545,486,1326,1230,511,635,12016,11294,798,563,2116,1613,681,884,17949,11278,796,562,2110,1594,684,874,17898,11314,798,565,2120,1634,684,884,17999,10097,787,564,1788,1624,682,859,16401,534,643,541,399,1441,649,473,4680,9246,150,115,1537,1449,125,770,0,13392,7618,239,156,1350,1194,194,670,0,11421,973,610,212,1238,83,349,173,3638,10709,1,1,2127,1613,0,880,15331,10081,0,0,1788,1550,0,849,14268,10626,1,0,2012,1604,0,874,15117,9730,241,25,1846,430,62,496,15,12830,10712,3,17,2121,1613,2,880,15348,38307,6930,6909,6498,5445,6151,2717,72957,12503,4951,7619,1958,9973,5790,2070,0,44864,15377,1955,3309,5610,17206,2504,4040,174209,29343,77429,33110,67009,47972,23645,0,452717,61885,60505,59552,59349,62646,64356,65577,64179,67976,56914,56249,54495,53153,56365,58336,59576,57629,58574,83.78
3,PUNJAB,14371,2582,2593,2864,1754,2743,1869,0,28776,13315,358,490,2862,1734,337,1860,0,20956,14256,2577,2575,2840,1553,2739,1787,0,28327,14263,2582,2589,2857,1659,2740,1841,0,28531,1111145,314849,1121508,204828,299041,671122,239946,0,3962439,48104,23929,69743,12158,36588,39538,20410,0,250470,435,4,0,46,30,2,45,562,1430,3,2,139,1,0,8,1583,14317,2551,2581,2858,1751,2725,1867,28650,13952,2338,2540,2831,1741,2604,1847,27853,14135,2528,2568,2814,1742,2700,1830,28317,14237,2570,2588,2853,1654,2739,1841,28482,14202,2557,2566,2827,1548,2733,1783,28216,14369,2580,2593,2864,1754,2742,1869,28771,14361,2575,2592,2864,1754,2742,1869,28757,1326,2251,2558,2720,1750,2665,1866,15136,11484,844,964,2418,1546,920,1684,0,19860,2488,435,482,593,487,515,490,0,5490,1071,1396,913,1149,49,1107,116,5801,13195,42,187,2860,1701,60,1856,19901,12020,28,113,2574,1565,38,1704,18042,12352,33,144,2660,1593,49,1734,18565,6692,559,61,977,50,141,118,212,8598,13156,120,286,2861,1721,121,1860,20125,56222,23531,42532,9244,8406,30835,7218,177988,32913,20775,57114,6881,21647,33952,11718,0,185000,15191,3154,12629,5277,14941,5586,8692,537759,135915,470503,96086,144666,289141,113094,0,1787164,277323,271892,265625,269057,275450,281125,269871,264932,260047,232771,227494,220161,223438,225372,229697,219214,209017,195256,76.68
4,CHANDIGARH,12,29,85,0,5,70,0,0,201,7,12,47,0,3,53,0,0,122,12,29,82,0,5,70,0,0,198,12,29,84,0,5,70,0,0,200,3437,12866,81983,0,1234,58401,0,0,157921,182,590,5479,0,234,2824,0,0,9309,0,0,0,0,1,0,0,1,0,0,0,0,0,0,0,0,12,29,85,0,5,70,0,201,7,25,83,0,5,67,0,187,12,29,85,0,5,70,0,201,12,29,84,0,5,70,0,200,12,29,82,0,5,70,0,198,12,29,85,0,5,70,0,201,12,29,85,0,5,70,0,201,6,27,85,0,5,67,0,190,5,13,54,0,2,46,0,0,120,4,12,47,0,2,41,0,0,106,3,9,10,0,1,14,0,37,7,12,43,0,2,52,0,116,0,0,5,0,0,2,0,7,0,0,5,0,0,2,0,7,1,0,0,0,0,0,0,0,1,7,12,46,0,3,52,0,120,135,419,2066,0,36,1398,0,4054,154,440,4456,0,179,2116,0,0,7345,28,150,1023,0,55,708,0,1565,6026,37830,0,467,27242,0,0,73130,8298,9362,10055,10824,11119,11623,11703,11807,12842,7390,8420,9019,9159,9584,10019,10051,9488,9737,86.43
5,UTTARAKHAND,15497,1584,487,3433,1600,164,895,0,23660,12605,25,80,2983,1504,14,833,0,18044,15484,1583,463,3332,1462,160,833,0,23317,15483,1581,484,3408,1515,161,882,0,23514,714095,310532,256577,164475,154986,50068,61795,145,1712673,42791,12914,8355,12361,24255,1932,6766,0,109374,202,3,0,10,23,0,21,259,1361,26,2,165,1,1,2,1558,11551,1514,478,2581,1311,161,618,18214,8631,1325,465,1862,926,144,415,13768,12659,1370,480,2776,1009,159,652,19105,14974,1565,484,3329,1485,161,868,22866,15048,1556,461,3235,1449,159,818,22726,14916,1568,487,3267,1569,164,865,22836,9596,1437,483,2575,1525,162,736,16514,1993,1236,470,1968,1504,151,588,7910,8636,270,127,1738,536,30,349,0,11686,3651,175,81,781,282,24,196,0,5190,3216,777,121,1487,82,64,165,5912,12473,22,38,2917,1462,7,818,17737,11102,17,27,2462,1299,5,732,15644,12453,22,37,2910,1458,7,813,17700,11636,136,10,2372,444,9,428,364,15035,12492,21,64,2932,1458,11,818,17796,48215,14587,7545,12388,6671,1855,3227,94488,23164,8660,5684,4687,6114,1314,2026,0,51649,19627,4254,2671,7674,18141,618,4740,352019,132706,113492,83982,75680,21291,32523,71,811764,128768,117729,116062,113433,113063,106463,103791,101600,101104,113062,104943,104058,102335,101755,96896,95073,93642,90991,79.63
6,HARYANA,9994,2235,2329,2423,1924,1926,1437,0,22268,8925,4,136,2418,1902,39,1401,0,14825,9371,2234,2312,2163,1623,1924,1261,0,20888,9472,2229,2324,2392,1768,1924,1359,0,21468,1073586,422437,1058650,183319,319163,503564,170225,0,3730944,40322,22024,58498,8423,37801,24832,13070,0,204970,136,0,0,37,17,1,16,207,803,0,2,263,1,0,5,1074,9744,2190,2305,2367,1904,1897,1417,21824,7923,1944,2252,1957,1717,1761,1226,18780,9676,2203,2326,2306,1899,1914,1416,21740,9412,2229,2324,2380,1763,1924,1358,21390,9291,2234,2310,2153,1621,1922,1257,20788,9979,2235,2329,2423,1923,1926,1437,22252,9640,2232,2329,2264,1911,1926,1424,21726,785,1737,2236,741,1868,1706,1377,10450,6651,846,1282,1688,1539,802,1056,0,13864,3446,567,731,922,954,445,639,0,7704,980,1128,940,227,16,602,17,3910,8911,2,56,2405,1857,19,1392,14642,5785,2,32,1664,1520,9,1080,10092,7694,2,53,2058,1645,17,1232,12701,3062,134,25,838,103,66,181,47,4409,8912,2,51,2411,1857,17,1396,14646,52975,23273,35337,8686,10503,20136,6481,157391,18363,15062,40115,2694,17333,16095,5146,0,114808,21959,6962,18383,5729,20468,8737,7924,549193,169740,420909,102308,157609,204384,90059,0,1694202,247117,250901,255850,257657,263295,253617,256013,252292,256443,199636,209105,215776,216416,220897,208937,213487,209948,200143,76.64
7,DELHI,2755,904,1135,35,545,260,117,0,5751,1776,18,576,30,536,35,111,0,3082,2189,902,1002,27,362,256,83,0,4821,2185,899,1028,27,272,253,71,0,4735,1031685,324443,1114076,11072,323521,134946,67267,0,3007010,27492,11097,67256,419,23284,5948,3353,0,138849,2,0,0,0,1,0,0,3,11,0,0,2,0,0,0,13,2755,904,1135,35,545,260,117,5751,2294,816,1074,25,495,236,86,5026,2728,904,1131,35,545,260,117,5720,2185,899,1028,27,272,253,71,4735,2189,902,1002,27,362,256,83,4821,2755,904,1135,35,545,260,117,5751,2750,902,1135,35,545,260,117,5744,2209,848,1018,11,413,251,75,4825,1977,562,896,21,485,177,100,0,4218,1977,562,896,21,485,177,100,0,4218,612,422,143,10,102,56,34,1379,1766,15,533,30,533,29,111,3017,0,0,0,0,0,0,0,0,0,0,0,0,0,0,0,0,60,8,0,3,12,0,2,4,85,1722,16,546,28,522,33,110,2977,31334,10627,26042,287,5952,3943,1074,79259,19977,9531,52774,235,11101,5059,1746,0,100423,7515,1566,14482,184,12183,889,1607,502958,125309,546957,5642,140471,51734,31087,0,1404158,181114,195321,201530,207629,221693,202558,197387,195620,233698,163184,175583,176382,178000,186538,177009,171817,175645,194757,86.34
8,RAJASTHAN,42577,37428,15297,228,1176,10827,398,0,107931,35740,21027,8751,208,707,4025,206,0,70664,42474,36703,15133,53,1000,10690,309,0,106362,42573,37428,15290,227,1161,10827,396,0,107902,1872883,4817752,3413112,20095,114707,2067449,31700,2437,12340135,95262,234628,196604,1043,13669,111807,3070,0,656083,2539,95,201,2,38,48,10,2933,12395,416,5,4,3,11,2,12836,27187,32150,14138,191,1093,9862,370,84991,15141,21515,10961,149,861,7611,220,56458,28422,34711,14494,213,1116,10274,377,89607,42318,37384,15270,227,1148,10815,393,107555,42038,36444,15051,52,995,10617,307,105504,40171,36757,15102,213,1164,10712,393,104512,8058,26426,14043,204,1139,9415,377,59662,2515,12259,10037,179,933,6082,279,32284,19608,19046,7795,130,584,4799,167,0,52129,18118,17611,7971,131,612,4781,193,0,49417,20575,13592,2568,205,198,3481,73,40692,34854,20815,8324,163,640,3953,194,68943,25699,16605,6184,139,374,2953,110,52064,32409,19401,7826,160,549,3604,167,64116,30004,4164,467,40,380,481,137,487,35673,34824,20919,7122,200,484,3565,163,67277,125798,253514,120330,979,5189,86126,1720,593656,33682,87952,62300,876,4404,38498,1152,0,228864,61580,146676,134304,167,9265,73309,1918,911257,2276074,1494818,17813,49563,922904,14339,1093,5687861,1083706,893664,834222,801667,815334,795441,731708,696532,688648,949701,781820,724791,691883,696821,677743,602658,562444,525376,67.06
9,UTTAR PRADESH,155756,12093,2595,63551,8123,959,2842,0,245919,114564,596,750,49036,3870,79,478,0,169373,155243,11982,2311,61419,7369,932,2726,0,241982,155378,12042,2500,63268,7685,947,2812,0,244632,21392915,4192214,1490668,6499317,1918068,372630,526823,32998,36425633,546381,78246,33663,242310,91967,7489,18856,0,1018912,890,62,120,181,376,29,140,1798,13317,439,64,6113,275,27,159,20394,149492,11638,2440,61510,7701,901,2612,236294,107899,9381,1739,46518,5453,640,1807,173437,110044,10881,2501,41153,7843,917,2703,176042,155060,12034,2489,63161,7675,946,2809,244174,154846,11972,2300,61259,7353,931,2723,241384,154096,12076,2588,62104,8117,958,2838,242777,56258,8784,2206,23047,6573,734,2066,99668,10392,3613,1466,10900,4551,347,762,32031,119848,6415,1577,44619,5062,544,1606,0,179671,40522,2183,1083,15549,3709,328,1236,0,64610,53953,5565,855,39356,2110,466,1531,103836,113668,282,369,47636,2107,30,279,164371,91710,151,212,35320,1200,15,163,128771,108770,244,292,45130,1739,22,240,156437,18684,247,86,18988,1036,31,366,9928,39438,113450,390,460,47887,2223,46,295,164751,746590,99397,24849,297150,42320,6679,12482,1229467,245963,33079,15145,86963,18496,2807,4375,0,406828,298735,44933,18385,154632,72929,4665,14335,10523879,1929470,748196,3355140,900812,173272,248663,15965,17895397,2782874,2608327,2655780,2538119,2350507,1865082,1858048,1871499,1752574,2611362,2471344,2530200,2449702,2272133,1851712,1847648,1861296,1555673,69.72
10,BIHAR,43405,32912,938,292,92,2281,246,0,80166,41837,26914,494,285,78,1859,165,0,71632,43284,32733,929,285,74,2265,201,0,79771,43370,32872,934,283,86,2265,242,0,80052,7106842,14250646,529073,135320,23585,1354423,31896,0,23431785,146405,272496,15470,2334,1513,27726,1933,0,467877,1356,135,1,2,5,6,16,1521,3267,112,4,6,0,3,4,3396,36111,29547,854,270,89,2058,233,69162,10929,14797,667,154,73,1509,166,28295,16481,22668,755,218,78,1759,163,42122,36582,31703,891,276,85,2199,220,71956,36262,31143,877,272,73,2197,176,71000,39201,32521,926,290,91,2271,244,75544,9124,16739,569,127,78,1228,98,27963,1030,4236,272,34,61,410,42,6085,23155,24200,563,246,34,1718,74,0,49990,9376,10125,290,105,38,846,61,0,20841,21912,4086,129,3,11,210,8,26359,39941,26562,468,278,24,1787,80,69140,20658,18598,347,201,15,1343,34,41196,38052,25320,461,273,24,1723,75,65928,1857,907,53,5,18,63,90,4070,2993,40504,26040,462,276,60,1759,135,69236,147323,272919,11332,2481,475,23095,927,458552,62052,90181,2850,851,316,7509,411,0,164170,78083,147183,7378,1472,1024,16105,1442,3559768,7101380,246164,67333,11526,663388,18230,0,11667789,1726083,1607854,1672580,1587707,1580765,1263129,1192112,1133766,893323,1666299,1586682,1632816,1552067,1557235,1286962,1215344,1170384,912563,63.82
11,SIKKIM,706,345,80,1,7,136,4,0,1279,489,188,69,1,7,115,4,0,873,705,345,77,1,7,136,3,0,1274,628,342,79,1,5,136,4,0,1195,20105,34380,25106,139,759,24300,508,0,105297,4205,4495,3364,6,92,2869,46,0,15077,9,0,0,0,1,0,0,10,3,0,0,0,0,0,0,3,559,307,80,0,5,124,4,1079,410,268,69,1,5,115,2,870,188,143,45,1,4,59,2,442,627,341,79,1,5,136,4,1193,704,344,77,1,7,136,3,1272,689,343,80,1,7,136,4,1260,485,319,80,1,6,131,4,1026,261,293,79,0,7,131,1,772,94,41,15,0,0,24,0,0,174,125,68,15,0,0,24,0,0,232,240,80,1,1,1,6,3,332,486,186,64,1,4,113,1,855,449,182,64,1,4,110,1,811,475,184,64,1,4,113,1,842,651,61,0,0,3,5,1,0,721,484,187,67,1,6,114,4,863,3493,3029,1167,3,46,1390,25,9153,2218,2600,1879,3,19,1500,18,0,8237,1987,1895,1485,3,73,1369,28,8757,16640,13061,74,400,12068,351,0,51351,6186,5835,6107,6844,7227,7816,6951,6980,7749,5312,4998,5451,6088,6759,8010,7393,7340,8366,82.2
12,ARUNACHAL PRADESH,2363,1216,67,50,53,224,39,0,4012,2200,976,47,50,52,160,39,0,3524,2355,1197,67,2,53,220,28,0,3922,2363,1211,66,50,53,224,39,0,4006,83247,153355,19574,4658,6697,51319,3608,0,322458,5471,9283,1393,407,1132,3430,468,0,21584,145,4,0,0,3,0,0,152,1008,75,0,0,0,0,0,1083,1357,913,61,35,49,196,35,2646,627,633,59,15,38,166,26,1564,985,794,56,30,42,174,27,2108,2231,1206,66,50,53,223,38,3867,2203,1183,66,2,51,219,26,3750,1745,1096,67,48,51,219,38,3264,450,589,60,40,45,175,29,1388,96,501,63,25,52,193,33,963,473,302,16,11,14,51,13,0,880,401,277,16,6,12,50,16,0,778,1506,432,13,49,4,36,18,2058,2037,956,36,15,40,150,25,3259,1195,668,33,8,22,119,16,2061,1959,929,36,15,38,150,23,3150,1852,285,4,6,9,6,7,35,2169,2008,953,41,43,46,149,37,3277,8564,9020,820,202,304,2022,206,21138,2252,4227,492,242,324,1538,165,0,9240,3219,5056,901,165,808,1892,303,41009,74770,8946,4591,3278,24364,2170,0,159128,29655,23955,21430,19573,18573,17513,16391,16240,15192,27569,22965,20409,18930,18171,17988,16844,16252,13959,66.95
13,NAGALAND,1265,786,105,39,46,379,179,0,2799,1146,590,6,39,44,89,178,0,2092,1265,786,103,39,46,379,179,0,2797,1265,786,105,39,45,379,179,0,2798,63665,102241,66347,2489,5919,95156,13769,110,349696,7392,8861,3375,299,1438,6529,2426,0,30320,4,0,0,0,0,0,1,5,47,0,0,1,0,0,0,48,982,643,103,32,40,349,149,2298,427,369,84,17,25,250,91,1263,793,518,99,21,33,311,121,1896,1263,786,105,38,45,379,179,2795,1248,773,102,38,46,374,179,2760,959,665,99,32,38,354,147,2294,251,471,104,23,40,333,115,1337,70,365,103,30,41,346,157,1112,369,288,11,20,10,47,40,0,785,334,261,10,19,11,43,41,0,719,414,112,7,6,6,54,19,618,1039,553,1,34,36,71,154,1888,869,497,1,30,32,67,137,1633,985,540,1,34,35,69,148,1812,741,99,2,18,6,20,56,26,942,1127,577,5,38,43,82,172,2044,6588,6152,1772,167,256,3639,781,19355,3564,4532,2108,102,702,3607,743,0,15358,3828,4329,1267,197,736,2922,1683,31830,51191,32048,1312,3037,44844,7135,63,171460,26272,25173,24391,23943,22040,20126,18805,17486,18305,24558,24307,23444,23088,20864,19899,18345,16955,18001,80.11
14,MANIPUR,2951,870,100,63,22,706,153,0,4865,2857,531,23,52,18,256,144,0,3881,2948,867,99,52,22,699,142,0,4829,2948,869,100,63,21,705,153,0,4859,115401,102253,56022,4000,3835,207669,13416,0,502596,11874,8319,3189,392,703,12531,1928,0,38936,29,0,0,0,2,2,2,35,324,6,0,0,0,0,0,330,2314,787,100,60,22,657,144,4084,1267,558,87,38,15,514,123,2602,401,343,82,28,20,441,97,1412,2897,865,100,61,21,705,150,4799,2900,860,99,47,22,698,139,4765,2946,864,100,63,22,700,153,4848,246,466,100,27,21,587,115,1562,64,360,96,25,21,588,115,1269,1162,330,26,11,13,215,87,0,1844,1192,330,16,12,10,211,82,0,1853,959,132,13,25,3,100,5,1237,2566,527,16,32,9,248,137,3535,1036,259,12,16,7,115,71,1516,2289,488,16,31,8,235,135,3202,2318,232,2,24,2,39,61,128,2678,2857,529,21,52,18,255,144,3876,10935,6594,1456,247,124,7014,604,26974,5707,4150,1596,170,326,6259,993,0,19201,6167,4169,1593,222,377,6272,935,57881,50696,26922,2566,1723,101535,7361,0,248684,39987,37988,34251,31882,30664,27712,25816,25612,22114,39543,36913,33204,31041,29847,26883,26156,25097,21612,79.85
15,MIZORAM,1561,389,0,1122,0,0,0,0,3072,1318,4,0,1033,0,0,0,0,2355,1560,389,0,1118,0,0,0,0,3067,1561,389,0,1122,0,0,0,0,3072,82263,69171,0,62883,0,0,0,0,214317,6189,4272,0,8021,0,0,0,0,18482,6,0,0,1,0,0,0,7,70,1,0,6,0,0,0,77,1473,379,0,1046,0,0,0,2898,977,210,0,784,0,0,0,1971,818,199,0,637,0,0,0,1654,1546,386,0,1116,0,0,0,3048,1521,377,0,1097,0,0,0,2995,1430,363,0,1055,0,0,0,2848,769,308,0,786,0,0,0,1863,133,189,0,588,0,0,0,910,703,29,0,597,0,0,0,0,1329,552,120,0,530,0,0,0,0,1202,361,257,0,360,0,0,0,978,1317,1,0,1025,0,0,0,2343,1276,1,0,1000,0,0,0,2277,1300,1,0,1022,0,0,0,2323,971,55,0,632,0,0,0,753,1658,1317,1,0,1026,0,0,0,2344,6593,3267,0,4575,0,0,0,14435,3094,2446,0,3069,0,0,0,0,8609,3095,1826,0,4952,0,0,0,39412,33591,0,30260,0,0,0,0,103263,20235,15140,14117,13197,12533,12564,12005,11263,11200,18861,14226,13110,12154,11744,11634,11238,10296,10910,91.58
16,TRIPURA,2568,1261,343,1,68,593,10,0,4844,2267,1169,317,1,68,539,9,0,4370,2563,1261,338,1,60,592,6,0,4821,2566,1260,339,1,64,593,10,0,4833,119158,147599,150077,172,11310,140421,775,0,569512,10638,12577,11239,13,1690,10339,117,0,46613,141,6,1,0,0,1,0,149,8,0,0,0,0,0,0,8,1931,998,332,1,65,561,10,3898,1334,832,290,1,60,478,7,3002,238,210,232,0,45,206,5,936,2559,1260,339,1,64,593,10,4826,2552,1260,335,1,60,592,6,4806,2196,1157,340,1,68,581,9,4352,327,175,336,1,67,451,9,1366,116,75,290,1,62,207,7,758,1082,604,256,0,49,409,7,0,2407,351,272,117,1,24,189,3,0,957,1378,129,9,1,5,22,3,1547,2252,1165,308,0,63,535,8,4331,1965,1097,299,0,57,519,8,3945,2204,1159,307,0,63,532,8,4273,1764,186,2,0,2,6,3,0,1963,2267,1169,315,1,67,537,9,4365,9961,8411,2669,7,330,3634,34,25046,2856,3065,4237,7,475,2889,60,0,13589,7782,9512,7002,6,1215,7450,57,58998,72409,73062,87,4602,69660,504,0,279322,34340,37372,37592,38916,39326,35344,34455,32845,42436,32290,35533,36147,37380,37972,34083,33694,32223,42097,87.75
17,MEGHALAYA,9362,183,29,3414,31,107,151,0,13277,7940,21,15,3189,28,22,130,0,11345,9351,183,26,3369,28,107,144,0,13208,9355,182,28,3408,31,105,150,0,13259,492670,28805,16099,177965,7340,28520,23371,843,775613,23517,1479,1026,14089,693,1538,1806,0,44148,1788,2,0,201,0,0,7,1998,980,1,0,16,0,0,0,997,4986,143,29,2124,30,100,139,7551,2743,94,25,1332,25,70,103,4392,1304,94,29,640,20,79,88,2254,7869,134,27,3060,30,96,133,11349,8087,134,25,3080,28,99,128,11581,5819,112,29,2096,31,93,134,8314,1115,98,29,1215,28,93,127,2705,331,50,26,676,27,71,103,1284,3099,11,7,1441,10,9,36,0,4613,2395,14,12,1149,10,14,38,0,3632,2864,112,4,1927,0,38,17,4962,7841,20,2,3117,6,6,67,11059,6979,19,1,2559,5,5,59,9627,7686,20,1,3017,6,6,66,10802,6048,27,0,2253,1,10,27,1231,8366,7868,21,10,3144,17,12,98,11170,26899,1276,374,11129,199,971,627,41475,13451,1077,698,6628,355,1106,916,0,24231,10066,402,328,7461,338,432,890,245621,15094,8352,93654,3656,13559,12872,485,393293,73435,57958,53655,47614,41870,40211,35253,32324,27487,70941,56087,53391,48690,44089,43739,39616,36740,30880,75.48
18,ASSAM,48529,2041,248,11410,687,1677,1302,0,65894,40485,960,69,10697,668,34,1160,0,54073,48412,2024,243,10590,643,1672,1058,0,64642,48444,2011,247,11377,652,1675,1268,0,65674,3185019,281337,120028,1086079,151711,422692,185187,0,5432053,133900,19917,5614,77458,18370,26239,20503,0,302001,11827,47,6,515,12,32,32,12471,1301,24,3,5,0,3,1,1337,39025,1862,223,9826,637,1563,1199,54335,25572,1136,191,7906,504,1034,828,37171,12343,1087,215,2459,542,1322,774,18742,41852,1725,235,8266,618,1534,1142,55372,41550,1703,221,7526,577,1476,876,53929,41077,1902,239,9819,673,1616,1242,56568,5027,1094,228,3456,642,1322,1081,12850,571,606,194,2064,567,895,834,5731,32068,950,48,4935,145,94,250,0,38490,22636,762,62,3826,159,199,324,0,27968,6029,871,104,604,25,810,58,8501,40209,953,2,10285,628,7,1100,53184,29765,707,2,4399,424,6,677,35980,39136,931,2,9925,620,7,1077,51698,25480,329,7,4200,41,106,229,5148,30392,40444,956,44,10660,543,20,898,53565,128723,14504,3514,41269,4331,15752,5950,214043,49893,8444,3109,19555,6626,14422,7150,0,109199,84007,11473,2505,57903,11744,11817,13353,1606264,131035,55567,583847,67005,183652,100285,0,2727655,458271,384357,361830,342266,329833,294495,274672,258674,262049,440217,375054,356128,340524,332441,309824,294201,279266,281388,73.18
19,WEST BENGAL,76703,1439,601,7400,6284,363,2933,0,95723,67129,139,138,6895,5958,45,2686,0,82990,76320,1403,544,6834,5282,350,2199,0,92932,76409,1380,544,7358,5803,343,2718,0,94555,6209401,241326,305455,974846,4184499,102049,891458,0,12909034,300391,14472,17553,29092,162379,5331,36428,0,565646,5003,28,7,557,1,0,4,5600,3037,5,3,458,0,1,6,3510,67607,1306,574,6366,5871,320,2647,84691,28263,696,393,3112,4337,233,1618,38652,29839,954,528,2061,5254,283,2043,40962,74961,1308,535,7286,5801,331,2718,92940,74438,1297,508,6756,5273,334,2191,90797,75495,1399,601,7172,6268,360,2912,94207,54594,1161,581,3845,6119,323,2724,69347,3597,598,455,738,5023,232,1481,12124,44789,177,175,2845,5212,81,2193,0,55472,27448,162,132,2643,3458,58,1415,0,35316,16115,628,99,6521,93,131,142,23729,66413,100,65,6462,5860,17,2631,81548,55965,54,39,4615,4742,10,1977,67402,63890,85,46,6087,5573,13,2406,78100,29059,388,90,1428,51,76,179,13,31271,33428,103,72,4185,5250,29,2328,45395,294360,12365,9728,28340,78017,3910,22878,449598,139215,6226,10708,6506,60148,2544,15854,0,241201,161062,8197,6790,22572,102210,2785,20574,3033770,104855,146976,533658,2057555,45222,527554,0,6449590,867179,845326,645835,975056,815265,781070,770251,759462,704316,828335,805724,586723,939090,823264,805324,818868,842262,824402,77.08
20,JHARKHAND,28010,15784,375,133,407,2084,648,0,47441,26291,13152,58,73,377,1387,233,0,41571,27968,15638,369,79,186,2057,496,0,46793,27964,15665,369,125,399,2053,609,0,47184,1736877,3488010,345831,19344,53962,761197,114351,2496,6522068,57498,85359,10566,491,2878,19836,5238,0,181866,295,37,3,13,14,8,37,407,7248,469,6,11,13,24,9,7780,12316,10071,338,105,349,1582,545,25306,10411,6502,319,79,242,1155,502,19210,4896,6243,340,77,301,1225,445,13527,26890,15322,363,100,376,2028,586,45665,26869,15216,363,75,165,2020,458,45166,25699,15139,372,117,379,2029,625,44360,1774,3552,326,61,264,858,338,7173,976,2066,311,36,264,676,325,4654,11949,8950,114,28,72,1068,106,0,22287,7825,4622,58,28,87,555,95,0,13270,19641,2463,71,38,308,246,76,22843,26063,13081,25,34,119,1335,158,40815,16050,10268,14,23,73,1096,73,27597,25725,12894,25,34,107,1322,141,40248,13685,686,5,56,70,28,129,1077,14659,26181,13073,43,31,267,1349,177,41121,92258,125475,7618,556,2004,20625,3254,251790,17967,27840,5446,198,1491,7238,1803,0,61983,39531,57519,5120,293,1387,12597,3435,867513,1731749,141729,10002,38561,366975,60042,1204,3217775,502645,454995,453864,431801,431012,357109,342991,329876,273221,474538,430605,438143,417088,418836,356170,345606,336789,266011,67.63
21,ODISHA,36760,18797,157,3998,60,1927,7279,0,68978,35017,16364,37,3827,55,1420,6616,0,63336,36671,18735,152,3925,56,1853,6471,0,67863,36694,18780,155,3985,59,1926,7150,0,68749,1894396,2872629,133333,320954,12040,555882,538850,0,6328084,96919,119475,5144,11845,980,23945,56680,0,314988,2379,156,1,123,9,32,3707,6407,2084,62,2,292,0,2,11,2453,32025,17422,146,3796,58,1779,6997,62223,6906,5716,130,1963,53,827,5313,20908,21746,14504,142,2761,60,1612,5636,46461,35754,18514,150,3637,59,1885,6781,66780,34346,17956,144,3500,55,1798,5879,63678,36497,18755,157,3977,60,1921,7251,68618,5136,8044,145,1301,57,1242,5039,20964,1365,3654,124,371,50,920,3418,9902,24226,14093,57,2477,23,1243,2599,0,44718,15123,8187,49,1497,24,748,2268,0,27896,11942,2087,48,66,25,137,207,14512,34779,16272,7,3787,27,1388,6276,62536,23199,12750,4,2564,19,1102,3651,43289,32803,15602,7,3615,25,1331,5939,59322,23213,1727,3,1307,3,31,3281,1322,29565,34697,16156,33,3785,40,1398,5996,62105,102132,107485,2904,11034,323,13914,16690,254482,43864,57775,3067,4044,321,10768,16118,0,135957,53055,61700,2077,7801,659,13177,40562,933493,1379598,59212,155183,5241,259562,266093,0,3058382,410360,421063,423502,433764,435458,406781,378587,360187,327909,384212,396692,397586,403289,405124,377767,352035,341677,320664,73.45
22,CHHATTISGARH,32826,2658,1082,12014,334,540,1251,0,50705,31142,227,45,11864,275,8,1226,0,44787,32289,2580,1078,11479,321,539,1248,0,49534,32227,2586,1080,11652,317,538,1251,0,49651,2102010,455998,443047,1113968,47001,145199,149911,221,4457355,100790,23211,21572,48688,3526,7258,9682,0,214727,1002,8,7,109,8,3,15,1152,2000,14,0,517,1,2,14,2548,28175,2561,1070,11056,325,526,1180,44893,16248,1966,951,7063,239,441,762,27670,19098,2164,989,7410,204,478,635,30978,31957,2576,1080,11613,317,537,1251,49331,31803,2510,1078,11400,321,538,1248,48898,32508,2629,1080,11950,334,539,1251,50291,19240,2384,1075,8387,289,515,943,32833,991,1154,858,1768,167,353,261,5552,22719,867,319,8685,174,163,874,0,33801,14821,894,343,5449,169,197,645,0,22518,8177,1785,395,7203,147,241,449,18397,30840,206,19,11784,236,4,1215,44304,25041,155,8,8875,152,1,976,35208,29114,198,11,10877,211,3,1132,41546,16935,297,22,3425,50,18,139,3074,20886,30889,216,37,11812,258,5,1222,44439,105689,21162,12374,41885,1558,4835,4555,192058,38178,15707,13664,15654,1412,4598,3546,0,92759,62612,7504,7908,33034,2114,2660,6136,1051793,204893,198694,569304,20549,64711,75077,100,2185121,290797,282235,275056,286001,294366,293017,278196,272566,268035,275625,268807,262229,274406,283483,282756,272678,265137,262051,71.04
23,MADHYA PRADESH,88593,16679,3741,30597,244,2688,45,0,142587,84398,192,160,30465,138,32,8,0,115393,85182,16636,3699,29084,226,2678,41,0,137546,85890,16662,3733,29457,211,2683,43,0,138679,5089254,2266425,1586388,3119622,27565,706994,2795,2926,12801969,223200,124291,62503,82326,3213,32701,375,0,528609,3768,92,52,459,12,33,0,4416,12555,441,25,5870,2,22,0,18915,77168,16126,3687,27986,238,2641,43,127889,53398,13906,3524,19872,223,2478,43,93444,31124,14265,3551,11788,231,2436,41,63436,82630,16549,3731,28281,211,2683,43,134128,81536,16540,3697,27742,226,2672,41,132454,84838,16636,3739,29140,244,2686,45,137328,8567,13961,3587,6210,232,2543,40,35140,2566,8544,3281,4079,185,2122,29,20806,59305,8686,2520,22896,160,1679,31,0,95277,32735,6700,1822,12386,114,1176,22,0,54955,11846,11340,1144,14835,45,1325,15,40550,82889,68,18,29858,36,4,2,112875,49989,21,4,15204,14,1,2,65235,62269,32,8,22417,19,2,2,84749,49191,2955,152,7160,87,133,21,8162,59699,83959,89,79,30268,85,16,4,114500,291747,130566,45622,119699,1526,25367,225,614752,75262,71475,38565,25155,1174,19321,148,0,231100,147938,52816,23938,57171,2039,13380,227,2548448,955864,670665,1624745,10073,287402,1001,1131,6099329,849961,855486,855785,873562,839961,838100,819549,770236,784793,759735,776327,775925,784007,740107,757697,764392,741139,682261,70.63
24,GUJARAT,11840,28827,1503,815,220,680,166,0,44051,10699,22868,179,545,157,34,151,0,34633,11773,27718,1479,681,207,672,123,0,42653,11793,27852,1482,758,208,669,159,0,42921,777368,7042340,850575,149126,35434,221182,14689,0,9090714,35010,237431,34474,4492,3809,8823,992,0,325031,309,114,5,10,13,3,52,506,464,192,0,20,1,0,1,678,10957,28300,1498,807,218,675,162,42617,8027,22684,1445,752,213,648,125,33894,10367,27422,1470,782,209,651,131,41032,11787,27844,1482,758,208,669,159,42907,11757,27684,1479,681,207,672,123,42603,11836,28809,1503,815,220,680,166,44029,11744,28786,1503,815,220,680,166,43914,3328,26164,1457,658,202,627,87,32523,10774,24914,752,517,130,299,89,0,37475,6075,16291,801,460,132,337,98,0,24194,3049,4549,744,270,73,386,149,9220,10494,22105,20,370,81,8,70,33148,8705,18074,11,143,52,5,37,27027,9056,18757,12,179,62,6,50,28122,6400,2362,38,121,33,38,55,8373,9047,10663,22765,60,533,116,17,64,34218,40094,250463,20835,5325,1119,7172,404,325412,17867,131442,22526,2654,1163,6188,364,0,182204,17143,105989,11948,1838,2646,2635,628,376728,3317314,343509,67993,13575,88876,9067,0,4217062,596120,546910,590928,601443,659603,643711,631638,603299,535129,529172,486937,531396,536672,568864,546625,525782,491614,378340,79.31
25,DAMAN & DIU,59,6,8,38,4,5,0,0,120,53,0,2,38,3,2,0,0,98,59,6,8,35,4,5,0,0,117,59,6,8,35,4,5,0,0,117,9681,1095,9059,5349,488,2306,0,0,27978,332,80,270,293,90,98,0,0,1163,1,0,0,0,0,0,0,1,1,0,0,0,0,0,0,1,59,6,8,38,3,5,0,119,21,5,7,19,4,4,0,60,52,5,8,37,4,5,0,111,59,6,8,35,4,5,0,117,59,6,8,35,4,5,0,117,59,6,8,38,4,5,0,120,59,6,8,38,4,5,0,120,10,6,8,36,4,5,0,69,44,0,1,32,1,1,0,0,79,23,0,1,21,1,1,0,0,47,11,5,3,5,1,3,0,28,53,0,2,38,2,1,0,96,44,0,2,33,2,1,0,82,53,0,2,38,2,1,0,96,14,1,0,8,1,0,0,25,24,53,0,0,38,3,1,0,95,323,53,188,190,33,59,0,846,258,69,223,151,33,61,0,0,795,74,11,42,142,57,37,0,4874,443,3849,2739,224,866,0,0,12995,1905,1992,1933,2010,1917,1824,1730,1672,1810,1670,1768,1627,1716,1607,1562,1547,1498,1440,87.07
26,DADRA & NAGAR HAVELI,177,128,7,1,1,9,0,0,323,165,114,1,1,1,5,0,0,287,177,128,7,0,1,9,0,0,322,177,128,7,1,1,9,0,0,323,9078,37947,8046,50,173,3680,0,0,58974,456,1355,427,3,23,147,0,0,2411,4,0,0,0,0,0,0,4,6,0,0,0,0,0,0,6,157,124,7,1,1,9,0,299,58,65,7,1,1,9,0,141,67,93,7,1,1,9,0,178,177,128,7,1,1,9,0,323,177,128,7,0,1,9,0,322,177,128,7,1,1,9,0,323,176,128,7,1,1,9,0,322,21,88,7,1,1,9,0,127,129,108,1,0,0,1,0,0,239,111,101,2,0,0,2,0,0,216,87,26,3,1,0,3,0,120,165,114,0,0,0,4,0,283,34,14,0,0,0,4,0,52,165,114,0,0,0,4,0,283,107,1,0,1,0,0,0,24,109,160,114,0,1,0,3,0,278,463,1058,195,2,6,95,0,1819,261,831,332,3,6,91,0,0,1524,195,524,95,0,17,56,0,4512,18209,3258,50,65,1478,0,0,27572,4831,3940,4053,2221,4161,4161,3993,4042,3925,4271,3620,3565,1794,3740,3576,3458,3548,3057,77.65
27,MAHARASHTRA,53151,29353,946,95,4657,2158,7853,0,98213,47967,25015,483,38,4382,947,6644,0,85476,52525,28828,922,82,4477,2119,7392,0,96345,52663,28954,940,90,4609,2143,7694,0,97093,3788993,6408597,577984,7573,1982850,916785,2010614,350379,16043775,157865,219522,29157,398,121028,36348,102020,0,666338,2572,72,12,9,52,15,403,3135,2892,119,3,10,0,1,7,3032,51022,29083,936,93,4649,2134,7822,95739,44408,25960,915,80,4559,2081,7620,85623,40211,25383,890,75,4370,1953,6964,79846,52166,28871,940,90,4604,2139,7680,96490,51895,28714,922,81,4465,2107,7367,95551,52930,29300,944,95,4657,2158,7851,97935,41842,27297,924,84,4592,2114,7539,84392,18860,21910,915,74,4578,2057,7499,55893,47174,25350,682,64,3699,1450,6112,0,84531,33058,19372,576,60,3379,1321,5551,0,63317,12911,4290,303,65,249,929,1039,19786,47446,24161,290,29,4223,635,6274,83058,39804,18567,203,7,2851,467,3871,65770,44138,20639,258,12,3688,573,5234,74542,35992,2695,36,52,63,64,511,7138,39413,47631,24598,442,30,3758,906,5779,83144,169023,220060,14101,431,41385,24337,46876,516213,74117,106059,16217,231,34701,20973,36083,0,288381,83748,113463,12940,167,86327,15375,65937,1802256,3056026,249509,4349,895519,391712,959883,160007,7519261,1089182,1069026,1054684,1051450,1055331,1065506,1086359,1052976,1077858,950710,948262,937904,936237,933716,946222,957967,908243,875301,82.91
28,ANDHRA PRADESH,38793,10084,171,2,174,1476,9735,0,60435,34639,5433,145,1,173,450,5832,0,46673,38748,10041,96,2,174,1277,9073,0,59411,38757,10063,126,2,172,1274,9653,0,60047,2434032,1140226,64969,46,37944,433893,1500200,0,5611310,99912,54749,3018,3,2084,14397,102737,0,276900,7604,70,2,0,3,50,175,7904,9076,346,2,0,1,38,171,9634,36448,9534,161,2,135,1358,9323,56961,17487,6262,146,2,86,1136,7932,33051,20185,7451,162,2,51,1281,7822,36954,38603,10052,126,2,172,1273,9645,59873,38586,10029,95,2,174,1271,9065,59222,36421,9784,171,2,160,1471,9553,57562,35381,9467,170,2,154,1389,9359,55922,4450,4519,153,1,126,1032,7504,17785,9963,2795,32,0,81,235,2889,0,15995,12802,3307,51,0,110,349,3462,0,20081,6060,3833,57,1,158,856,4130,15095,34426,5368,25,1,155,71,5515,45561,14666,3455,21,0,35,44,2429,20650,25899,4554,22,1,132,64,4715,35387,25736,2143,9,2,2,85,1446,2267,29423,34016,5318,101,1,130,396,5437,45399,124687,68730,1835,4,971,13631,60301,270159,49752,27841,1757,2,950,7852,42401,0,130555,50160,26908,1261,1,1134,6545,60336,1184344,547106,36644,16,18418,199741,724833,0,2711102,357633,375445,370628,368883,365754,360049,360440,341376,331997,329712,347250,344353,344396,342634,338934,340751,323072,311772,67.66
29,KARNATAKA,26790,30097,711,466,59,2856,760,0,61739,22603,24596,37,213,52,536,639,0,48676,26729,29563,703,382,57,2843,635,0,60912,26770,29669,708,457,54,2844,740,0,61242,1037875,5129691,342485,40477,12547,1110573,112299,554426,8340373,63811,183344,12245,1698,1047,44082,6435,0,312662,2015,36,6,7,2,14,66,2146,4673,676,6,29,0,3,4,5391,23611,28709,695,427,58,2764,720,56984,13763,21653,608,378,58,2532,576,39568,18303,24837,666,389,54,2594,580,47423,26647,29659,708,457,54,2844,740,61109,26439,29511,703,382,57,2843,635,60570,26778,30095,711,466,59,2856,759,61724,25497,29463,711,456,59,2841,754,59781,3564,13467,684,296,55,2500,575,21141,18336,22778,227,254,32,1226,302,0,43155,7836,9078,108,145,22,584,185,0,17958,7867,3501,286,273,16,1199,579,13721,22437,24373,15,192,39,510,501,48067,17817,19200,3,114,30,361,233,37758,18789,20172,5,130,31,387,274,39788,20820,4483,23,152,2,71,44,9862,25595,21462,22359,17,181,30,445,267,44761,78689,229728,11491,2007,480,37513,3434,363342,34381,108233,9875,1087,353,32185,2435,0,188549,29356,75007,2367,611,694,11849,3990,500328,2519183,161482,22605,5168,504280,55831,265450,4034327,587709,567557,554708,543173,534363,514168,505374,498994,482817,548958,536006,524279,519542,489951,480188,472662,462741,438811,75.6
30,GOA,973,73,15,13,5,165,218,0,1462,859,61,10,9,5,156,216,0,1316,972,73,15,13,5,159,218,0,1455,971,73,15,13,5,160,214,0,1451,55723,7154,11336,1197,804,78054,42041,0,196309,3016,691,560,67,152,3751,3145,0,11382,170,0,0,1,0,0,8,179,305,0,0,0,0,0,0,305,950,73,15,13,5,164,213,1433,391,30,14,8,3,124,132,702,761,68,15,7,5,139,169,1164,971,73,15,13,5,160,214,1451,972,73,15,13,5,159,218,1455,973,73,15,13,5,165,218,1462,970,72,15,13,5,165,218,1458,135,60,15,11,5,165,218,609,560,45,5,0,3,18,62,0,693,353,34,8,2,2,41,56,0,496,113,22,2,5,0,7,14,163,849,59,4,9,4,156,214,1295,1,0,0,0,1,3,1,6,2,0,0,0,1,3,1,7,705,29,1,2,1,2,23,92,763,853,55,6,9,4,151,215,1293,2950,453,319,45,30,2057,1387,7241,2733,559,431,51,81,3074,2168,0,9097,283,132,129,16,71,677,977,26372,3345,5153,513,375,38575,19649,0,93982,13243,12826,12681,12883,12751,12786,12529,12628,16180,12128,11902,11890,11828,11656,11706,11373,11499,13386,87.4
31,LAKSHADWEEP,17,13,4,1,5,1,0,0,41,17,13,4,1,5,1,0,0,41,17,13,4,1,5,1,0,0,41,17,13,4,1,5,1,0,0,41,2265,2969,981,439,733,189,0,0,7576,204,250,171,26,214,23,0,0,888,0,0,0,0,0,0,0,0,0,0,0,0,0,0,0,0,15,11,4,1,2,0,0,33,2,2,2,0,4,0,0,10,9,6,4,1,3,1,0,24,17,13,4,1,5,1,0,41,17,13,4,1,5,1,0,41,17,13,4,1,5,1,0,41,17,13,4,1,5,1,0,41,17,13,4,1,5,1,0,41,8,9,1,0,5,1,0,0,24,8,7,2,0,2,1,0,0,20,6,2,1,1,0,0,0,10,17,13,3,1,4,1,0,39,15,13,3,1,4,1,0,37,15,13,3,1,4,1,0,37,1,1,0,0,2,0,0,4,4,17,13,4,1,5,1,0,41,139,150,49,15,28,11,0,392,99,109,90,12,90,12,0,0,412,105,141,81,14,124,11,0,1067,1439,583,232,306,97,0,0,3724,517,432,281,488,549,553,511,521,725,410,404,280,500,547,506,510,567,681,92.28
32,KERALA,8428,3365,1415,655,1021,1203,371,0,16458,6542,2109,528,632,978,299,347,0,11435,8398,3361,1407,653,922,1199,306,0,16246,8412,3361,1411,650,975,1201,348,0,16358,807111,906661,992744,120590,493429,477395,105966,108520,4012416,48063,46796,59097,6385,50321,25213,8010,0,243885,300,15,3,0,1,2,1,322,348,14,1,0,0,3,0,366,8114,3293,1389,638,1014,1181,363,15992,5300,2590,1265,575,927,1063,341,12061,6622,2892,1344,484,938,1054,326,13660,8289,3353,1409,650,969,1199,348,16217,8136,3332,1405,645,922,1193,306,15939,8382,3363,1412,655,1020,1201,371,16404,7916,3294,1397,643,1005,1183,367,15805,7665,3268,1389,648,1018,1162,370,15520,5288,2034,614,478,723,455,249,0,9841,3507,1341,423,281,458,359,156,0,6525,901,615,196,8,8,435,11,2174,6518,2095,485,629,965,285,343,11320,6031,1966,462,575,908,269,317,10528,6491,2092,483,625,963,284,343,11281,3526,324,37,156,54,39,27,195,4163,5536,1736,485,551,834,274,287,9703,51419,43025,31335,5327,15449,17752,3936,168243,38757,36400,47991,4431,34977,21438,6353,0,190347,9304,10390,11096,1953,15340,3775,1657,404657,437452,475873,57349,241320,228333,64206,50437,1959627,255524,250550,249427,254440,252320,257333,263908,269287,282476,243601,239911,238658,241799,242399,244619,252326,256314,263165,93.91
33,TAMIL NADU,35379,9609,2660,124,4181,1791,3795,0,57539,29274,8969,411,106,3908,316,3609,0,46593,35242,9570,2590,62,3497,1780,3615,0,56356,35253,9587,2630,120,3712,1787,3755,0,56844,3001791,1832802,1980067,9044,1191698,701442,519348,0,9236192,144224,81286,121950,758,126527,40069,42987,0,557801,0,0,0,0,0,0,0,0,1260,17,0,2,0,0,4,1283,34700,9440,2642,121,4154,1772,3718,56547,26493,7231,2612,105,3723,1725,2406,44295,26657,8024,2613,105,3844,1726,2813,45782,35198,9585,2630,120,3712,1787,3755,56787,35100,9563,2590,62,3496,1780,3614,56205,35370,9604,2654,123,4181,1787,3795,57514,34724,9556,2654,120,4162,1786,3771,56773,14202,7891,2656,91,4076,1766,2456,33138,22744,7831,934,72,3096,595,2737,0,38009,17989,5593,1377,69,2448,872,2172,0,30520,5048,794,682,72,344,733,1207,8880,28948,8683,75,65,3859,35,3589,45254,27075,8456,67,61,3623,32,2970,42284,28016,8655,75,64,3806,35,3244,43895,17144,352,19,58,119,28,284,44,18004,27348,8148,87,69,3508,55,3374,42589,158846,77998,59873,490,30542,25761,15126,368636,120701,58412,99006,657,73896,34522,25159,0,412353,23523,22874,22944,101,52613,5547,17828,1491832,908881,917137,6599,603164,316866,259051,0,4503530,565301,595970,588849,591584,603349,578139,607567,601903,596976,534262,565207,566134,564232,575471,549059,574969,574196,564570,80.3
34,PUDUCHERRY,278,86,100,1,52,166,36,0,719,242,49,16,1,52,58,36,0,454,271,81,98,1,41,164,30,0,686,273,84,97,1,45,164,29,0,693,20959,13875,75533,422,7936,45882,4855,0,169462,1501,1015,4556,11,1558,2869,618,0,12128,8,0,0,0,0,0,0,8,0,0,0,0,0,0,0,0,277,86,100,1,52,166,36,718,147,65,98,1,45,144,21,521,260,80,97,1,52,159,36,685,273,84,97,1,45,164,29,693,271,81,98,1,41,164,30,686,278,86,100,1,52,166,36,719,278,86,100,1,52,166,36,719,276,84,100,1,52,161,36,710,225,53,33,1,50,68,32,0,462,168,51,57,1,38,75,31,0,421,45,21,20,1,0,50,0,137,240,49,10,1,49,53,36,438,17,3,1,0,3,7,2,33,18,3,1,0,3,7,2,34,127,10,3,0,5,5,4,12,154,240,48,12,1,50,56,36,443,1400,796,2015,12,296,1765,194,6478,1098,719,3460,8,855,2219,357,0,8716,403,296,1096,3,703,650,261,11161,7041,35432,189,4317,21912,2288,0,82340,10703,10763,10735,10754,10443,11212,11012,11500,12422,10067,10010,10159,10410,9988,10576,10423,10707,11069,86.55
35,A & N ISLANDS,218,84,40,0,19,49,0,0,410,185,61,34,0,19,43,0,0,342,218,84,39,0,19,49,0,0,409,218,84,40,0,19,49,0,0,410,10059,10625,17449,0,2680,9300,0,0,50113,935,1038,1835,0,546,992,0,0,5346,12,1,0,0,0,0,0,13,18,0,0,0,0,0,0,18,168,79,39,0,19,48,0,353,102,60,33,0,8,35,0,238,125,64,39,0,14,36,0,278,218,84,40,0,19,49,0,410,218,84,39,0,19,49,0,409,218,84,40,0,19,49,0,410,171,80,40,0,19,49,0,359,62,66,37,0,18,49,0,232,46,30,12,0,7,16,0,0,111,75,41,16,0,10,26,0,0,168,57,15,4,0,3,5,0,84,182,60,31,0,17,43,0,333,45,21,10,0,5,16,0,97,64,29,13,0,8,24,0,138,167,12,0,0,5,4,0,4,188,183,60,34,0,18,43,0,338,895,723,569,0,106,462,0,2755,593,679,1146,0,299,626,0,0,3343,342,359,689,0,247,366,0,5010,5164,8581,0,1279,4560,0,0,24594,3178,3166,3165,3211,3271,3163,3205,3160,3650,3081,3129,3123,3018,3064,3131,3068,2980,3240,86.27
36,TELANGANA,21948,7189,155,0,193,4810,6523,0,40818,20010,3469,128,0,191,376,5247,0,29421,21806,7125,78,0,192,4678,5857,0,39736,21827,7144,120,0,192,4671,6428,0,40382,1446563,926115,68730,0,45197,1649948,868632,0,5005185,58610,44336,3107,0,3198,51227,68790,0,229268,3710,29,1,0,1,24,149,3914,4349,344,5,0,1,75,86,4860,20306,6738,153,0,156,4562,6400,38315,10896,4757,143,0,102,3979,4873,24750,11849,5899,150,0,35,4528,5455,27916,21827,7144,120,0,192,4671,6428,40382,21806,7125,78,0,192,4678,5857,39736,19794,6992,155,0,182,4798,6372,38293,18033,6685,154,0,148,4669,6344,36033,1988,3289,126,0,153,3783,4823,14162,6478,2324,34,0,69,978,2528,0,12411,5450,2016,43,0,100,1014,2170,0,10793,4592,3125,58,0,183,2724,2012,12694,19723,3361,24,0,179,103,4902,28292,9774,2417,19,0,36,61,2288,14595,17231,3199,24,0,162,96,4421,25133,13397,1115,4,0,0,165,1050,1814,15731,19579,3384,62,0,103,294,5008,28430,76082,52862,1982,0,1165,49790,37117,218998,30083,23532,2036,0,1369,26576,30561,0,114157,28527,20804,1071,0,1829,24651,38229,739808,447384,40484,0,23344,730993,446308,0,2428321,379604,333001,325912,319762,320625,310474,304695,282791,270997,347444,310692,306582,301034,302320,294714,291984,273551,263807,66.46
